{"numpages": 16, "version": "1.0.0", "dimensions": {"exceptions": {}, "width": 594.0, "height": 792.0}, "links": [{"destination": {"pagenum": 14, "name": "2743c20"}, "pagenum": 1, "bbox": [240.0, 462.0, 296.0, 474.0]}, {"destination": {"pagenum": 14, "name": "2743c21"}, "pagenum": 1, "bbox": [56.0, 473.0, 76.0, 485.0]}, {"destination": {"pagenum": 14, "name": "2743c27"}, "pagenum": 1, "bbox": [80.0, 473.0, 178.0, 485.0]}, {"destination": {"pagenum": 14, "name": "2743c28"}, "pagenum": 1, "bbox": [182.0, 473.0, 295.0, 485.0]}, {"destination": {"pagenum": 15, "name": "2743c63"}, "pagenum": 1, "bbox": [56.0, 484.0, 165.0, 496.0]}, {"destination": {"pagenum": 14, "name": "2743c5"}, "pagenum": 1, "bbox": [511.0, 452.0, 553.0, 464.0]}, {"destination": {"pagenum": 15, "name": "2743c66"}, "pagenum": 1, "bbox": [314.0, 463.0, 473.0, 475.0]}, {"destination": {"pagenum": 14, "name": "2743c5"}, "pagenum": 1, "bbox": [335.0, 509.0, 377.0, 521.0]}, {"destination": {"pagenum": 14, "name": "2743c23"}, "pagenum": 1, "bbox": [381.0, 509.0, 476.0, 521.0]}, {"destination": {"pagenum": 15, "name": "2743c61"}, "pagenum": 1, "bbox": [502.0, 520.0, 556.0, 532.0]}, {"destination": {"pagenum": 15, "name": "2743c61"}, "pagenum": 1, "bbox": [314.0, 532.0, 351.0, 544.0]}, {"destination": {"pagenum": 15, "name": "2743c73"}, "pagenum": 1, "bbox": [354.0, 532.0, 442.0, 544.0]}, {"destination": {"pagenum": 14, "name": "2743c14"}, "pagenum": 1, "bbox": [336.0, 543.0, 429.0, 555.0]}, {"destination": {"pagenum": 14, "name": "2743c22"}, "pagenum": 1, "bbox": [433.0, 543.0, 553.0, 555.0]}, {"destination": {"pagenum": 14, "name": "2743c14"}, "pagenum": 1, "bbox": [433.0, 635.0, 520.0, 647.0]}, {"destination": {"pagenum": 14, "name": "2743c22"}, "pagenum": 1, "bbox": [523.0, 635.0, 556.0, 647.0]}, {"destination": {"pagenum": 14, "name": "2743c22"}, "pagenum": 1, "bbox": [314.0, 646.0, 358.0, 658.0]}, {"destination": {"pagenum": 15, "name": "2743c61"}, "pagenum": 1, "bbox": [314.0, 680.0, 406.0, 692.0]}, {"destination": {"pagenum": 15, "name": "2743c73"}, "pagenum": 1, "bbox": [411.0, 680.0, 503.0, 692.0]}, {"pagenum": 1, "uri": "mailto:mo.wang@warrington.ufl.edu", "bbox": [83.0, 704.0, 181.0, 715.0]}, {"pagenum": 1, "uri": "mailto:shijq3@mail.sysu.edu.cn", "bbox": [191.0, 704.0, 274.0, 715.0]}, {"pagenum": 1, "uri": "http://dx.doi.org/10.1037/a0033656", "bbox": [509.0, 48.0, 556.0, 56.0]}, {"destination": {"pagenum": 15, "name": "2743c81"}, "pagenum": 2, "bbox": [228.0, 98.0, 298.0, 110.0]}, {"destination": {"pagenum": 15, "name": "2743c81"}, "pagenum": 2, "bbox": [56.0, 109.0, 97.0, 121.0]}, {"destination": {"pagenum": 14, "name": "2743c23"}, "pagenum": 2, "bbox": [171.0, 153.0, 266.0, 165.0]}, {"destination": {"pagenum": 15, "name": "2743c43"}, "pagenum": 2, "bbox": [254.0, 186.0, 298.0, 198.0]}, {"destination": {"pagenum": 15, "name": "2743c43"}, "pagenum": 2, "bbox": [56.0, 197.0, 111.0, 209.0]}, {"destination": {"pagenum": 15, "name": "2743c76"}, "pagenum": 2, "bbox": [115.0, 197.0, 197.0, 209.0]}, {"destination": {"pagenum": 15, "name": "2743c58"}, "pagenum": 2, "bbox": [56.0, 450.0, 166.0, 462.0]}, {"destination": {"pagenum": 2, "name": "2743fig1"}, "pagenum": 2, "bbox": [421.0, 230.0, 456.0, 242.0]}, {"destination": {"pagenum": 15, "name": "2743c52"}, "pagenum": 2, "bbox": [529.0, 318.0, 556.0, 330.0]}, {"destination": {"pagenum": 15, "name": "2743c52"}, "pagenum": 2, "bbox": [314.0, 329.0, 468.0, 341.0]}, {"destination": {"pagenum": 15, "name": "2743c68"}, "pagenum": 2, "bbox": [471.0, 329.0, 551.0, 341.0]}, {"destination": {"pagenum": 14, "name": "2743c35"}, "pagenum": 2, "bbox": [389.0, 384.0, 479.0, 396.0]}, {"destination": {"pagenum": 15, "name": "2743c60"}, "pagenum": 2, "bbox": [317.0, 417.0, 388.0, 429.0]}, {"destination": {"pagenum": 15, "name": "2743c36"}, "pagenum": 2, "bbox": [490.0, 472.0, 556.0, 484.0]}, {"destination": {"pagenum": 15, "name": "2743c36"}, "pagenum": 2, "bbox": [314.0, 483.0, 374.0, 495.0]}, {"destination": {"pagenum": 15, "name": "2743c48"}, "pagenum": 3, "bbox": [121.0, 110.0, 208.0, 122.0]}, {"destination": {"pagenum": 15, "name": "2743c52"}, "pagenum": 3, "bbox": [211.0, 110.0, 298.0, 122.0]}, {"destination": {"pagenum": 15, "name": "2743c52"}, "pagenum": 3, "bbox": [56.0, 121.0, 76.0, 133.0]}, {"destination": {"pagenum": 15, "name": "2743c79"}, "pagenum": 3, "bbox": [59.0, 187.0, 118.0, 199.0]}, {"destination": {"pagenum": 14, "name": "2743c20"}, "pagenum": 3, "bbox": [92.0, 325.0, 150.0, 337.0]}, {"destination": {"pagenum": 14, "name": "2743c14"}, "pagenum": 3, "bbox": [279.0, 336.0, 298.0, 348.0]}, {"destination": {"pagenum": 14, "name": "2743c14"}, "pagenum": 3, "bbox": [56.0, 347.0, 132.0, 359.0]}, {"destination": {"pagenum": 14, "name": "2743c5"}, "pagenum": 3, "bbox": [142.0, 369.0, 183.0, 381.0]}, {"destination": {"pagenum": 14, "name": "2743c23"}, "pagenum": 3, "bbox": [186.0, 369.0, 279.0, 381.0]}, {"destination": {"pagenum": 14, "name": "2743c14"}, "pagenum": 3, "bbox": [124.0, 414.0, 212.0, 426.0]}, {"destination": {"pagenum": 15, "name": "2743c66"}, "pagenum": 3, "bbox": [215.0, 414.0, 293.0, 426.0]}, {"destination": {"pagenum": 14, "name": "2743c13"}, "pagenum": 3, "bbox": [257.0, 436.0, 298.0, 448.0]}, {"destination": {"pagenum": 14, "name": "2743c13"}, "pagenum": 3, "bbox": [56.0, 447.0, 116.0, 459.0]}, {"destination": {"pagenum": 15, "name": "2743c65"}, "pagenum": 3, "bbox": [253.0, 458.0, 298.0, 470.0]}, {"destination": {"pagenum": 15, "name": "2743c65"}, "pagenum": 3, "bbox": [56.0, 469.0, 105.0, 481.0]}, {"destination": {"pagenum": 14, "name": "2743c23"}, "pagenum": 3, "bbox": [59.0, 569.0, 153.0, 581.0]}, {"destination": {"pagenum": 14, "name": "2743c20"}, "pagenum": 3, "bbox": [240.0, 603.0, 295.0, 615.0]}, {"destination": {"pagenum": 15, "name": "2743c83"}, "pagenum": 3, "bbox": [56.0, 614.0, 175.0, 626.0]}, {"destination": {"pagenum": 14, "name": "2743c13"}, "pagenum": 3, "bbox": [175.0, 658.0, 275.0, 670.0]}, {"destination": {"pagenum": 15, "name": "2743c66"}, "pagenum": 3, "bbox": [97.0, 703.0, 176.0, 715.0]}, {"destination": {"pagenum": 14, "name": "2743c32"}, "pagenum": 3, "bbox": [466.0, 246.0, 556.0, 258.0]}, {"destination": {"pagenum": 14, "name": "2743c32"}, "pagenum": 3, "bbox": [314.0, 257.0, 378.0, 269.0]}, {"destination": {"pagenum": 15, "name": "2743c52"}, "pagenum": 3, "bbox": [529.0, 279.0, 556.0, 291.0]}, {"destination": {"pagenum": 15, "name": "2743c52"}, "pagenum": 3, "bbox": [314.0, 290.0, 404.0, 302.0]}, {"destination": {"pagenum": 15, "name": "2743c68"}, "pagenum": 3, "bbox": [410.0, 290.0, 496.0, 302.0]}, {"destination": {"pagenum": 15, "name": "2743c48"}, "pagenum": 3, "bbox": [314.0, 301.0, 408.0, 313.0]}, {"destination": {"pagenum": 14, "name": "2743c33"}, "pagenum": 3, "bbox": [424.0, 345.0, 556.0, 357.0]}, {"destination": {"pagenum": 14, "name": "2743c33"}, "pagenum": 3, "bbox": [314.0, 356.0, 334.0, 368.0]}, {"destination": {"pagenum": 15, "name": "2743c52"}, "pagenum": 3, "bbox": [414.0, 389.0, 524.0, 401.0]}, {"destination": {"pagenum": 15, "name": "2743c76"}, "pagenum": 3, "bbox": [528.0, 389.0, 556.0, 401.0]}, {"destination": {"pagenum": 15, "name": "2743c76"}, "pagenum": 3, "bbox": [314.0, 400.0, 364.0, 412.0]}, {"destination": {"pagenum": 14, "name": "2743c32"}, "pagenum": 3, "bbox": [398.0, 455.0, 551.0, 467.0]}, {"destination": {"pagenum": 15, "name": "2743c43"}, "pagenum": 3, "bbox": [443.0, 466.0, 556.0, 478.0]}, {"destination": {"pagenum": 15, "name": "2743c68"}, "pagenum": 3, "bbox": [470.0, 604.0, 551.0, 616.0]}, {"destination": {"pagenum": 15, "name": "2743c52"}, "pagenum": 3, "bbox": [464.0, 637.0, 556.0, 649.0]}, {"destination": {"pagenum": 15, "name": "2743c52"}, "pagenum": 3, "bbox": [314.0, 648.0, 334.0, 660.0]}, {"destination": {"pagenum": 14, "name": "2743c12"}, "pagenum": 3, "bbox": [456.0, 681.0, 556.0, 693.0]}, {"destination": {"pagenum": 14, "name": "2743c12"}, "pagenum": 3, "bbox": [314.0, 692.0, 334.0, 704.0]}, {"destination": {"pagenum": 14, "name": "2743c19"}, "pagenum": 4, "bbox": [219.0, 325.0, 298.0, 337.0]}, {"destination": {"pagenum": 14, "name": "2743c19"}, "pagenum": 4, "bbox": [56.0, 336.0, 99.0, 348.0]}, {"destination": {"pagenum": 15, "name": "2743c83"}, "pagenum": 4, "bbox": [170.0, 380.0, 236.0, 392.0]}, {"destination": {"pagenum": 14, "name": "2743c16"}, "pagenum": 4, "bbox": [164.0, 626.0, 298.0, 638.0]}, {"destination": {"pagenum": 14, "name": "2743c16"}, "pagenum": 4, "bbox": [56.0, 637.0, 112.0, 649.0]}, {"destination": {"pagenum": 15, "name": "2743c59"}, "pagenum": 4, "bbox": [186.0, 670.0, 295.0, 682.0]}, {"destination": {"pagenum": 15, "name": "2743c77"}, "pagenum": 4, "bbox": [105.0, 692.0, 259.0, 704.0]}, {"destination": {"pagenum": 14, "name": "2743c8"}, "pagenum": 5, "bbox": [79.0, 483.0, 129.0, 495.0]}, {"destination": {"pagenum": 14, "name": "2743c19"}, "pagenum": 5, "bbox": [56.0, 549.0, 185.0, 561.0]}, {"destination": {"pagenum": 14, "name": "2743c16"}, "pagenum": 5, "bbox": [386.0, 142.0, 479.0, 154.0]}, {"destination": {"pagenum": 15, "name": "2743c77"}, "pagenum": 5, "bbox": [430.0, 186.0, 515.0, 198.0]}, {"destination": {"pagenum": 16, "name": "2743c85"}, "pagenum": 5, "bbox": [521.0, 186.0, 556.0, 198.0]}, {"destination": {"pagenum": 16, "name": "2743c85"}, "pagenum": 5, "bbox": [314.0, 197.0, 372.0, 209.0]}, {"destination": {"pagenum": 15, "name": "2743c38"}, "pagenum": 5, "bbox": [390.0, 252.0, 493.0, 264.0]}, {"destination": {"pagenum": 16, "name": "2743c89"}, "pagenum": 5, "bbox": [356.0, 285.0, 434.0, 297.0]}, {"destination": {"pagenum": 15, "name": "2743c83"}, "pagenum": 5, "bbox": [317.0, 367.0, 387.0, 379.0]}, {"destination": {"pagenum": 15, "name": "2743c39"}, "pagenum": 5, "bbox": [437.0, 604.0, 556.0, 616.0]}, {"destination": {"pagenum": 15, "name": "2743c39"}, "pagenum": 5, "bbox": [314.0, 615.0, 340.0, 627.0]}, {"destination": {"pagenum": 15, "name": "2743c45"}, "pagenum": 6, "bbox": [159.0, 76.0, 233.0, 88.0]}, {"destination": {"pagenum": 15, "name": "2743c55"}, "pagenum": 6, "bbox": [246.0, 241.0, 298.0, 253.0]}, {"destination": {"pagenum": 15, "name": "2743c55"}, "pagenum": 6, "bbox": [56.0, 252.0, 147.0, 264.0]}, {"destination": {"pagenum": 15, "name": "2743c47"}, "pagenum": 6, "bbox": [59.0, 274.0, 154.0, 286.0]}, {"destination": {"pagenum": 15, "name": "2743c55"}, "pagenum": 6, "bbox": [265.0, 450.0, 298.0, 462.0]}, {"destination": {"pagenum": 15, "name": "2743c55"}, "pagenum": 6, "bbox": [56.0, 461.0, 99.0, 473.0]}, {"pagenum": 6, "uri": "http://www.quantpsy.org", "bbox": [201.0, 626.0, 293.0, 638.0]}, {"destination": {"pagenum": 15, "name": "2743c55"}, "pagenum": 6, "bbox": [108.0, 659.0, 186.0, 671.0]}, {"destination": {"pagenum": 7, "name": "2743tbl1"}, "pagenum": 6, "bbox": [323.0, 148.0, 353.0, 160.0]}, {"destination": {"pagenum": 8, "name": "2743tbl2"}, "pagenum": 6, "bbox": [323.0, 268.0, 353.0, 280.0]}, {"destination": {"pagenum": 15, "name": "2743c69"}, "pagenum": 6, "bbox": [420.0, 400.0, 528.0, 412.0]}, {"destination": {"pagenum": 14, "name": "2743c2"}, "pagenum": 6, "bbox": [314.0, 488.0, 422.0, 499.0]}, {"destination": {"pagenum": 15, "name": "2743c55"}, "pagenum": 6, "bbox": [404.0, 578.0, 517.0, 589.0]}, {"destination": {"pagenum": 15, "name": "2743c82"}, "pagenum": 6, "bbox": [347.0, 695.0, 479.0, 706.0]}, {"destination": {"pagenum": 9, "name": "2743tbl3"}, "pagenum": 7, "bbox": [323.0, 361.0, 353.0, 373.0]}, {"destination": {"pagenum": 10, "name": "2743fig2"}, "pagenum": 7, "bbox": [437.0, 405.0, 474.0, 417.0]}, {"destination": {"pagenum": 14, "name": "2743c11"}, "pagenum": 7, "bbox": [459.0, 482.0, 556.0, 494.0]}, {"destination": {"pagenum": 14, "name": "2743c11"}, "pagenum": 7, "bbox": [314.0, 493.0, 364.0, 505.0]}, {"destination": {"pagenum": 10, "name": "2743fig3"}, "pagenum": 7, "bbox": [527.0, 504.0, 556.0, 516.0]}, {"destination": {"pagenum": 10, "name": "2743fig3"}, "pagenum": 7, "bbox": [314.0, 515.0, 321.0, 527.0]}, {"destination": {"pagenum": 10, "name": "2743fig4"}, "pagenum": 7, "bbox": [337.0, 515.0, 344.0, 527.0]}, {"destination": {"pagenum": 15, "name": "2743c54"}, "pagenum": 7, "bbox": [416.0, 515.0, 556.0, 527.0]}, {"pagenum": 7, "uri": "http://www.quantpsy.org/interact/hlm2.htm", "bbox": [360.0, 686.0, 501.0, 697.0]}, {"destination": {"pagenum": 11, "name": "2743fig5"}, "pagenum": 8, "bbox": [65.0, 681.0, 100.0, 693.0]}, {"destination": {"pagenum": 16, "name": "2743A"}, "pagenum": 9, "bbox": [504.0, 616.0, 542.0, 628.0]}, {"destination": {"pagenum": 15, "name": "2743c61"}, "pagenum": 10, "bbox": [468.0, 320.0, 553.0, 332.0]}, {"destination": {"pagenum": 15, "name": "2743c73"}, "pagenum": 10, "bbox": [314.0, 331.0, 400.0, 343.0]}, {"destination": {"pagenum": 14, "name": "2743c14"}, "pagenum": 10, "bbox": [520.0, 331.0, 556.0, 343.0]}, {"destination": {"pagenum": 14, "name": "2743c14"}, "pagenum": 10, "bbox": [314.0, 342.0, 366.0, 354.0]}, {"destination": {"pagenum": 14, "name": "2743c22"}, "pagenum": 10, "bbox": [369.0, 342.0, 446.0, 354.0]}, {"destination": {"pagenum": 15, "name": "2743c83"}, "pagenum": 10, "bbox": [450.0, 342.0, 517.0, 354.0]}, {"destination": {"pagenum": 15, "name": "2743c61"}, "pagenum": 10, "bbox": [373.0, 419.0, 460.0, 431.0]}, {"destination": {"pagenum": 15, "name": "2743c73"}, "pagenum": 10, "bbox": [464.0, 419.0, 551.0, 431.0]}, {"destination": {"pagenum": 14, "name": "2743c22"}, "pagenum": 10, "bbox": [336.0, 474.0, 417.0, 486.0]}, {"destination": {"pagenum": 15, "name": "2743c83"}, "pagenum": 10, "bbox": [421.0, 474.0, 493.0, 486.0]}, {"destination": {"pagenum": 14, "name": "2743c26"}, "pagenum": 11, "bbox": [255.0, 406.0, 298.0, 418.0]}, {"destination": {"pagenum": 14, "name": "2743c26"}, "pagenum": 11, "bbox": [56.0, 417.0, 156.0, 429.0]}, {"destination": {"pagenum": 15, "name": "2743c64"}, "pagenum": 11, "bbox": [160.0, 417.0, 273.0, 429.0]}, {"destination": {"pagenum": 15, "name": "2743c52"}, "pagenum": 11, "bbox": [157.0, 571.0, 263.0, 583.0]}, {"destination": {"pagenum": 15, "name": "2743c67"}, "pagenum": 11, "bbox": [266.0, 571.0, 298.0, 583.0]}, {"destination": {"pagenum": 15, "name": "2743c67"}, "pagenum": 11, "bbox": [56.0, 582.0, 184.0, 594.0]}, {"destination": {"pagenum": 15, "name": "2743c48"}, "pagenum": 11, "bbox": [271.0, 703.0, 298.0, 715.0]}, {"destination": {"pagenum": 15, "name": "2743c48"}, "pagenum": 11, "bbox": [314.0, 296.0, 379.0, 308.0]}, {"destination": {"pagenum": 15, "name": "2743c49"}, "pagenum": 11, "bbox": [384.0, 296.0, 511.0, 308.0]}, {"destination": {"pagenum": 14, "name": "2743c15"}, "pagenum": 11, "bbox": [359.0, 362.0, 418.0, 374.0]}, {"destination": {"pagenum": 14, "name": "2743c31"}, "pagenum": 11, "bbox": [539.0, 362.0, 556.0, 374.0]}, {"destination": {"pagenum": 14, "name": "2743c31"}, "pagenum": 11, "bbox": [314.0, 373.0, 418.0, 385.0]}, {"destination": {"pagenum": 15, "name": "2743c59"}, "pagenum": 11, "bbox": [384.0, 439.0, 495.0, 451.0]}, {"destination": {"pagenum": 15, "name": "2743c84"}, "pagenum": 11, "bbox": [439.0, 450.0, 551.0, 462.0]}, {"destination": {"pagenum": 15, "name": "2743c61"}, "pagenum": 11, "bbox": [363.0, 626.0, 448.0, 638.0]}, {"destination": {"pagenum": 15, "name": "2743c73"}, "pagenum": 11, "bbox": [452.0, 626.0, 537.0, 638.0]}, {"destination": {"pagenum": 14, "name": "2743c14"}, "pagenum": 11, "bbox": [454.0, 637.0, 553.0, 649.0]}, {"destination": {"pagenum": 14, "name": "2743c22"}, "pagenum": 11, "bbox": [314.0, 648.0, 390.0, 660.0]}, {"destination": {"pagenum": 14, "name": "2743c9"}, "pagenum": 12, "bbox": [230.0, 76.0, 274.0, 88.0]}, {"destination": {"pagenum": 14, "name": "2743c29"}, "pagenum": 12, "bbox": [278.0, 76.0, 298.0, 88.0]}, {"destination": {"pagenum": 14, "name": "2743c29"}, "pagenum": 12, "bbox": [56.0, 87.0, 137.0, 99.0]}, {"destination": {"pagenum": 15, "name": "2743c46"}, "pagenum": 12, "bbox": [133.0, 175.0, 182.0, 187.0]}, {"destination": {"pagenum": 16, "name": "2743c86"}, "pagenum": 12, "bbox": [185.0, 175.0, 237.0, 187.0]}, {"destination": {"pagenum": 14, "name": "2743c10"}, "pagenum": 12, "bbox": [231.0, 241.0, 298.0, 253.0]}, {"destination": {"pagenum": 14, "name": "2743c10"}, "pagenum": 12, "bbox": [56.0, 252.0, 122.0, 264.0]}, {"destination": {"pagenum": 14, "name": "2743c28"}, "pagenum": 12, "bbox": [252.0, 615.0, 298.0, 627.0]}, {"destination": {"pagenum": 14, "name": "2743c28"}, "pagenum": 12, "bbox": [56.0, 626.0, 76.0, 638.0]}, {"destination": {"pagenum": 15, "name": "2743c83"}, "pagenum": 12, "bbox": [80.0, 626.0, 148.0, 638.0]}, {"destination": {"pagenum": 14, "name": "2743c24"}, "pagenum": 12, "bbox": [241.0, 637.0, 298.0, 649.0]}, {"destination": {"pagenum": 14, "name": "2743c24"}, "pagenum": 12, "bbox": [56.0, 648.0, 76.0, 660.0]}, {"destination": {"pagenum": 15, "name": "2743c80"}, "pagenum": 12, "bbox": [168.0, 648.0, 298.0, 660.0]}, {"destination": {"pagenum": 15, "name": "2743c80"}, "pagenum": 12, "bbox": [56.0, 659.0, 76.0, 671.0]}, {"destination": {"pagenum": 14, "name": "2743c25"}, "pagenum": 12, "bbox": [217.0, 659.0, 298.0, 671.0]}, {"destination": {"pagenum": 14, "name": "2743c25"}, "pagenum": 12, "bbox": [56.0, 670.0, 76.0, 682.0]}, {"destination": {"pagenum": 16, "name": "2743c90"}, "pagenum": 12, "bbox": [234.0, 670.0, 298.0, 682.0]}, {"destination": {"pagenum": 16, "name": "2743c90"}, "pagenum": 12, "bbox": [56.0, 681.0, 99.0, 693.0]}, {"destination": {"pagenum": 15, "name": "2743c70"}, "pagenum": 12, "bbox": [394.0, 98.0, 556.0, 110.0]}, {"destination": {"pagenum": 14, "name": "2743c30"}, "pagenum": 12, "bbox": [370.0, 417.0, 413.0, 429.0]}, {"destination": {"pagenum": 15, "name": "2743c58"}, "pagenum": 12, "bbox": [532.0, 516.0, 556.0, 528.0]}, {"destination": {"pagenum": 15, "name": "2743c58"}, "pagenum": 12, "bbox": [314.0, 527.0, 390.0, 539.0]}, {"destination": {"pagenum": 15, "name": "2743c53"}, "pagenum": 12, "bbox": [530.0, 604.0, 556.0, 616.0]}, {"destination": {"pagenum": 15, "name": "2743c53"}, "pagenum": 12, "bbox": [314.0, 615.0, 484.0, 627.0]}, {"destination": {"pagenum": 14, "name": "2743c32"}, "pagenum": 13, "bbox": [236.0, 175.0, 298.0, 187.0]}, {"destination": {"pagenum": 14, "name": "2743c32"}, "pagenum": 13, "bbox": [56.0, 186.0, 148.0, 198.0]}, {"destination": {"pagenum": 14, "name": "2743c33"}, "pagenum": 13, "bbox": [154.0, 186.0, 174.0, 198.0]}, {"destination": {"pagenum": 15, "name": "2743c50"}, "pagenum": 13, "bbox": [181.0, 186.0, 298.0, 198.0]}, {"destination": {"pagenum": 15, "name": "2743c50"}, "pagenum": 13, "bbox": [56.0, 197.0, 76.0, 209.0]}, {"destination": {"pagenum": 15, "name": "2743c52"}, "pagenum": 13, "bbox": [180.0, 230.0, 293.0, 242.0]}, {"destination": {"pagenum": 15, "name": "2743c56"}, "pagenum": 13, "bbox": [222.0, 406.0, 293.0, 418.0]}, {"destination": {"pagenum": 15, "name": "2743c83"}, "pagenum": 13, "bbox": [464.0, 211.0, 533.0, 223.0]}, {"destination": {"pagenum": 15, "name": "2743c46"}, "pagenum": 13, "bbox": [390.0, 233.0, 441.0, 245.0]}, {"destination": {"pagenum": 14, "name": "2743c1"}, "pagenum": 14, "bbox": [136.0, 186.0, 250.0, 198.0]}, {"pagenum": 14, "uri": "http://dx.doi.org/10.5465/AMJ.2007.26279180", "bbox": [221.0, 394.0, 298.0, 405.0]}, {"pagenum": 14, "uri": "http://dx.doi.org/10.5465/AMJ.2007.26279180", "bbox": [64.0, 404.0, 100.0, 415.0]}, {"pagenum": 14, "uri": "http://dx.doi.org/10.1037/1082-989X.11.2.142", "bbox": [109.0, 444.0, 218.0, 455.0]}, {"pagenum": 14, "uri": "http://dx.doi.org/10.1177/135910457000100301", "bbox": [251.0, 494.0, 298.0, 505.0]}, {"pagenum": 14, "uri": "http://dx.doi.org/10.1177/135910457000100301", "bbox": [64.0, 504.0, 138.0, 515.0]}, {"pagenum": 14, "uri": "http://dx.doi.org/10.1037/0021-9010.83.2.234", "bbox": [237.0, 534.0, 298.0, 545.0]}, {"pagenum": 14, "uri": "http://dx.doi.org/10.1037/0021-9010.83.2.234", "bbox": [64.0, 544.0, 112.0, 555.0]}, {"pagenum": 14, "uri": "http://dx.doi.org/10.1177/1094428105280056", "bbox": [283.0, 574.0, 298.0, 585.0]}, {"pagenum": 14, "uri": "http://dx.doi.org/10.1177/1094428105280056", "bbox": [64.0, 584.0, 158.0, 595.0]}, {"pagenum": 14, "uri": "http://dx.doi.org/10.1080/13594320500513913", "bbox": [172.0, 644.0, 283.0, 655.0]}, {"pagenum": 14, "uri": "http://dx.doi.org/10.1037/0021-9010.90.6.1096", "bbox": [64.0, 674.0, 175.0, 685.0]}, {"pagenum": 14, "uri": "http://dx.doi.org/10.1037/1076-8998.9.1.61", "bbox": [284.0, 694.0, 298.0, 705.0]}, {"pagenum": 14, "uri": "http://dx.doi.org/10.1037/1076-8998.9.1.61", "bbox": [64.0, 704.0, 151.0, 715.0]}, {"pagenum": 14, "uri": "http://dx.doi.org/10.1037/0021-9010.71.3.500", "bbox": [339.0, 107.0, 446.0, 117.0]}, {"pagenum": 14, "uri": "http://dx.doi.org/10.1037/0021-9010.90.6.1256", "bbox": [436.0, 138.0, 548.0, 148.0]}, {"pagenum": 14, "uri": "http://dx.doi.org/10.1037/1076-8998.5.1.95", "bbox": [389.0, 169.0, 489.0, 179.0]}, {"pagenum": 14, "uri": "http://dx.doi.org/10.2307/30040678", "bbox": [542.0, 199.0, 556.0, 210.0]}, {"pagenum": 14, "uri": "http://dx.doi.org/10.2307/30040678", "bbox": [322.0, 210.0, 384.0, 220.0]}, {"pagenum": 14, "uri": "http://dx.doi.org/10.1002/job.252", "bbox": [542.0, 241.0, 556.0, 251.0]}, {"pagenum": 14, "uri": "http://dx.doi.org/10.1002/job.252", "bbox": [322.0, 251.0, 376.0, 262.0]}, {"pagenum": 14, "uri": "http://dx.doi.org/10.1177/1094670503257044", "bbox": [322.0, 282.0, 429.0, 293.0]}, {"pagenum": 14, "uri": "http://dx.doi.org/10.1016/S0749-5978%2802%2900018-3", "bbox": [376.0, 323.0, 498.0, 334.0]}, {"pagenum": 14, "uri": "http://dx.doi.org/10.5465/AMJ.2006.21794672", "bbox": [322.0, 364.0, 433.0, 375.0]}, {"pagenum": 14, "uri": "http://dx.doi.org/10.1037/0021-9010.86.3.401", "bbox": [513.0, 395.0, 556.0, 406.0]}, {"pagenum": 14, "uri": "http://dx.doi.org/10.1037/0021-9010.86.3.401", "bbox": [322.0, 405.0, 389.0, 416.0]}, {"pagenum": 14, "uri": "http://dx.doi.org/10.1037/1076-8998.12.4.319", "bbox": [339.0, 447.0, 446.0, 457.0]}, {"pagenum": 14, "uri": "http://dx.doi.org/10.1111/j.1744-6570.2008.01129.x", "bbox": [456.0, 477.0, 556.0, 488.0]}, {"pagenum": 14, "uri": "http://dx.doi.org/10.1111/j.1744-6570.2008.01129.x", "bbox": [322.0, 488.0, 352.0, 498.0]}, {"pagenum": 14, "uri": "http://dx.doi.org/10.1037/0021-9010.92.2.475", "bbox": [322.0, 580.0, 429.0, 591.0]}, {"pagenum": 14, "uri": "http://dx.doi.org/10.1111/j.1744-6570.2009.01149.x", "bbox": [513.0, 611.0, 556.0, 622.0]}, {"pagenum": 14, "uri": "http://dx.doi.org/10.1111/j.1744-6570.2009.01149.x", "bbox": [322.0, 622.0, 409.0, 632.0]}, {"pagenum": 14, "uri": "http://dx.doi.org/10.1037/0022-3514.65.2.339", "bbox": [398.0, 653.0, 506.0, 663.0]}, {"pagenum": 14, "uri": "http://dx.doi.org/10.1037/0022-3514.69.1.176", "bbox": [541.0, 683.0, 556.0, 694.0]}, {"pagenum": 14, "uri": "http://dx.doi.org/10.1037/0022-3514.69.1.176", "bbox": [322.0, 694.0, 417.0, 704.0]}, {"pagenum": 15, "uri": "http://dx.doi.org/10.1037/0022-3514.52.1.81", "bbox": [180.0, 148.0, 284.0, 159.0]}, {"pagenum": 15, "uri": "http://dx.doi.org/10.1037/0022-3514.92.3.490", "bbox": [174.0, 179.0, 282.0, 190.0]}, {"pagenum": 15, "uri": "http://dx.doi.org/10.1037/0021-843X.117.2.314", "bbox": [156.0, 210.0, 269.0, 220.0]}, {"pagenum": 15, "uri": "http://dx.doi.org/10.1037/0893-164X.19.4.392", "bbox": [147.0, 251.0, 256.0, 262.0]}, {"pagenum": 15, "uri": "http://dx.doi.org/10.1007/978-1-4612-3648-1", "bbox": [90.0, 272.0, 196.0, 282.0]}, {"pagenum": 15, "uri": "http://dx.doi.org/10.1037/0021-843X.100.4.569", "bbox": [114.0, 323.0, 227.0, 334.0]}, {"pagenum": 15, "uri": "http://dx.doi.org/10.1037/0022-3514.77.4.801", "bbox": [189.0, 354.0, 296.0, 365.0]}, {"pagenum": 15, "uri": "http://dx.doi.org/10.1080/02699939308409206", "bbox": [122.0, 385.0, 233.0, 396.0]}, {"pagenum": 15, "uri": "http://dx.doi.org/10.1111/j.1745-6924.2008.00088.x", "bbox": [284.0, 405.0, 298.0, 416.0]}, {"pagenum": 15, "uri": "http://dx.doi.org/10.1111/j.1745-6924.2008.00088.x", "bbox": [64.0, 416.0, 179.0, 426.0]}, {"pagenum": 15, "uri": "http://dx.doi.org/10.1037/0021-9010.88.5.879", "bbox": [110.0, 457.0, 218.0, 468.0]}, {"pagenum": 15, "uri": "http://dx.doi.org/10.3102/10769986031004437", "bbox": [162.0, 498.0, 273.0, 509.0]}, {"pagenum": 15, "uri": "http://dx.doi.org/10.1037/a0020141", "bbox": [142.0, 529.0, 217.0, 540.0]}, {"pagenum": 15, "uri": "http://dx.doi.org/10.1037/a0028559", "bbox": [284.0, 560.0, 298.0, 571.0]}, {"pagenum": 15, "uri": "http://dx.doi.org/10.1037/a0028559", "bbox": [64.0, 570.0, 126.0, 581.0]}, {"pagenum": 15, "uri": "http://dx.doi.org/10.2753/MTP1069-6679140201", "bbox": [152.0, 601.0, 270.0, 612.0]}, {"pagenum": 15, "uri": "http://dx.doi.org/10.1037/0021-9010.87.4.698", "bbox": [64.0, 632.0, 171.0, 643.0]}, {"pagenum": 15, "uri": "http://dx.doi.org/10.3758/BF03194392", "bbox": [133.0, 663.0, 217.0, 673.0]}, {"pagenum": 15, "uri": "http://dx.doi.org/10.1037/0021-9010.91.4.971", "bbox": [64.0, 704.0, 171.0, 715.0]}, {"pagenum": 15, "uri": "http://dx.doi.org/10.1002/%28SICI%291099-1379%28200003%2921:2%3C163::AID-JOB37%3E3.0.CO%3B2-L", "bbox": [541.0, 86.0, 556.0, 97.0]}, {"pagenum": 15, "uri": "http://dx.doi.org/10.1002/%28SICI%291099-1379%28200003%2921:2%3C163::AID-JOB37%3E3.0.CO%3B2-L", "bbox": [322.0, 96.0, 556.0, 107.0]}, {"pagenum": 15, "uri": "http://dx.doi.org/10.1002/%28SICI%291099-1379%28200003%2921:2%3C163::AID-JOB37%3E3.0.CO%3B2-L", "bbox": [322.0, 107.0, 336.0, 117.0]}, {"pagenum": 15, "uri": "http://dx.doi.org/10.2307/257061", "bbox": [442.0, 138.0, 509.0, 148.0]}, {"pagenum": 15, "uri": "http://dx.doi.org/10.1037/a0012704", "bbox": [513.0, 220.0, 556.0, 231.0]}, {"pagenum": 15, "uri": "http://dx.doi.org/10.1037/a0012704", "bbox": [322.0, 230.0, 356.0, 241.0]}, {"pagenum": 15, "uri": "http://dx.doi.org/10.1037/0033-2909.129.2.216", "bbox": [542.0, 261.0, 556.0, 272.0]}, {"pagenum": 15, "uri": "http://dx.doi.org/10.1037/0033-2909.129.2.216", "bbox": [322.0, 272.0, 421.0, 282.0]}, {"pagenum": 15, "uri": "http://dx.doi.org/10.1016/j.cpr.2008.10.003", "bbox": [499.0, 302.0, 556.0, 313.0]}, {"pagenum": 15, "uri": "http://dx.doi.org/10.1016/j.cpr.2008.10.003", "bbox": [322.0, 313.0, 366.0, 323.0]}, {"pagenum": 15, "uri": "http://dx.doi.org/10.1037/0021-9010.93.3.674", "bbox": [479.0, 375.0, 556.0, 385.0]}, {"pagenum": 15, "uri": "http://dx.doi.org/10.1037/0021-9010.93.3.674", "bbox": [322.0, 385.0, 354.0, 396.0]}, {"pagenum": 15, "uri": "http://dx.doi.org/10.1037/a0013804", "bbox": [322.0, 426.0, 396.0, 437.0]}, {"pagenum": 15, "uri": "http://dx.doi.org/10.1111/j.1467-6494.2005.00356.x", "bbox": [456.0, 457.0, 556.0, 468.0]}, {"pagenum": 15, "uri": "http://dx.doi.org/10.1111/j.1467-6494.2005.00356.x", "bbox": [322.0, 467.0, 352.0, 478.0]}, {"pagenum": 15, "uri": "http://dx.doi.org/10.1287/orsc.1080.0403", "bbox": [356.0, 508.0, 448.0, 519.0]}, {"pagenum": 15, "uri": "http://dx.doi.org/10.1080/02699930500473533", "bbox": [513.0, 529.0, 556.0, 540.0]}, {"pagenum": 15, "uri": "http://dx.doi.org/10.1080/02699930500473533", "bbox": [322.0, 539.0, 392.0, 550.0]}, {"pagenum": 15, "uri": "http://dx.doi.org/10.5465/AMJ.2008.30764063", "bbox": [415.0, 580.0, 526.0, 591.0]}, {"pagenum": 15, "uri": "http://dx.doi.org/10.1348/096317905X39666", "bbox": [355.0, 622.0, 459.0, 632.0]}, {"pagenum": 15, "uri": "http://dx.doi.org/10.5465/amj.2010.0157", "bbox": [501.0, 653.0, 556.0, 663.0]}, {"pagenum": 15, "uri": "http://dx.doi.org/10.5465/amj.2010.0157", "bbox": [322.0, 663.0, 360.0, 673.0]}, {"pagenum": 15, "uri": "http://dx.doi.org/10.5465/AMJ.2011.60263093", "bbox": [322.0, 704.0, 433.0, 715.0]}, {"pagenum": 16, "uri": "http://dx.doi.org/10.1037/a0018138", "bbox": [97.0, 95.0, 171.0, 106.0]}, {"pagenum": 16, "uri": "http://dx.doi.org/10.1037/0021-9010.92.5.1437", "bbox": [186.0, 125.0, 298.0, 136.0]}, {"pagenum": 16, "uri": "http://dx.doi.org/10.1016/S1048-9843%2802%2900099-1", "bbox": [485.0, 85.0, 556.0, 96.0]}, {"pagenum": 16, "uri": "http://dx.doi.org/10.1016/S1048-9843%2802%2900099-1", "bbox": [322.0, 95.0, 380.0, 106.0]}, {"pagenum": 16, "uri": "http://dx.doi.org/10.1111/j.1744-6570.2009.01138.x", "bbox": [398.0, 135.0, 526.0, 146.0]}]}