{"numpages": 14, "version": "1.0.0", "dimensions": {"exceptions": {}, "width": 594.0, "height": 792.0}, "links": [{"destination": {"pagenum": 13, "name": "2628c66"}, "pagenum": 1, "bbox": [82.0, 500.0, 169.0, 512.0]}, {"destination": {"pagenum": 13, "name": "2628c71"}, "pagenum": 1, "bbox": [142.0, 522.0, 267.0, 534.0]}, {"destination": {"pagenum": 13, "name": "2628c73"}, "pagenum": 1, "bbox": [271.0, 522.0, 298.0, 534.0]}, {"destination": {"pagenum": 13, "name": "2628c73"}, "pagenum": 1, "bbox": [56.0, 533.0, 193.0, 545.0]}, {"destination": {"pagenum": 13, "name": "2628c75"}, "pagenum": 1, "bbox": [196.0, 533.0, 298.0, 545.0]}, {"destination": {"pagenum": 13, "name": "2628c75"}, "pagenum": 1, "bbox": [314.0, 467.0, 394.0, 479.0]}, {"destination": {"pagenum": 13, "name": "2628c76"}, "pagenum": 1, "bbox": [397.0, 467.0, 551.0, 479.0]}, {"destination": {"pagenum": 11, "name": "2628c2"}, "pagenum": 1, "bbox": [521.0, 478.0, 556.0, 490.0]}, {"destination": {"pagenum": 11, "name": "2628c2"}, "pagenum": 1, "bbox": [314.0, 489.0, 366.0, 501.0]}, {"destination": {"pagenum": 12, "name": "2628c44"}, "pagenum": 1, "bbox": [369.0, 489.0, 441.0, 501.0]}, {"destination": {"pagenum": 13, "name": "2628c68"}, "pagenum": 1, "bbox": [445.0, 489.0, 533.0, 501.0]}, {"destination": {"pagenum": 13, "name": "2628c84"}, "pagenum": 1, "bbox": [536.0, 489.0, 556.0, 501.0]}, {"destination": {"pagenum": 13, "name": "2628c84"}, "pagenum": 1, "bbox": [314.0, 501.0, 394.0, 513.0]}, {"destination": {"pagenum": 13, "name": "2628c84"}, "pagenum": 1, "bbox": [341.0, 512.0, 436.0, 524.0]}, {"destination": {"pagenum": 12, "name": "2628c30"}, "pagenum": 1, "bbox": [494.0, 523.0, 556.0, 535.0]}, {"destination": {"pagenum": 12, "name": "2628c30"}, "pagenum": 1, "bbox": [314.0, 534.0, 447.0, 546.0]}, {"destination": {"pagenum": 12, "name": "2628c37"}, "pagenum": 1, "bbox": [452.0, 534.0, 556.0, 546.0]}, {"destination": {"pagenum": 12, "name": "2628c37"}, "pagenum": 1, "bbox": [314.0, 546.0, 334.0, 558.0]}, {"destination": {"pagenum": 12, "name": "2628c60"}, "pagenum": 1, "bbox": [338.0, 546.0, 432.0, 558.0]}, {"destination": {"pagenum": 13, "name": "2628c68"}, "pagenum": 1, "bbox": [436.0, 546.0, 525.0, 558.0]}, {"destination": {"pagenum": 13, "name": "2628c74"}, "pagenum": 1, "bbox": [529.0, 546.0, 556.0, 558.0]}, {"destination": {"pagenum": 13, "name": "2628c74"}, "pagenum": 1, "bbox": [314.0, 557.0, 417.0, 569.0]}, {"destination": {"pagenum": 11, "name": "2628c12"}, "pagenum": 1, "bbox": [513.0, 579.0, 556.0, 591.0]}, {"destination": {"pagenum": 11, "name": "2628c12"}, "pagenum": 1, "bbox": [314.0, 591.0, 365.0, 603.0]}, {"destination": {"pagenum": 12, "name": "2628c58"}, "pagenum": 1, "bbox": [369.0, 591.0, 525.0, 603.0]}, {"destination": {"pagenum": 13, "name": "2628c75"}, "pagenum": 1, "bbox": [529.0, 591.0, 556.0, 603.0]}, {"destination": {"pagenum": 13, "name": "2628c75"}, "pagenum": 1, "bbox": [314.0, 602.0, 398.0, 614.0]}, {"destination": {"pagenum": 11, "name": "2628c3"}, "pagenum": 1, "bbox": [450.0, 624.0, 556.0, 636.0]}, {"destination": {"pagenum": 11, "name": "2628c3"}, "pagenum": 1, "bbox": [314.0, 636.0, 376.0, 648.0]}, {"pagenum": 1, "uri": "mailto:katie.mclaughlin@childrens.harvard.edu", "bbox": [280.0, 694.0, 298.0, 705.0]}, {"pagenum": 1, "uri": "mailto:katie.mclaughlin@childrens.harvard.edu", "bbox": [56.0, 704.0, 173.0, 715.0]}, {"pagenum": 1, "uri": "http://dx.doi.org/10.1037/a0031994", "bbox": [509.0, 48.0, 556.0, 56.0]}, {"destination": {"pagenum": 12, "name": "2628c62"}, "pagenum": 2, "bbox": [265.0, 65.0, 298.0, 77.0]}, {"destination": {"pagenum": 12, "name": "2628c62"}, "pagenum": 2, "bbox": [56.0, 76.0, 76.0, 88.0]}, {"destination": {"pagenum": 12, "name": "2628c62"}, "pagenum": 2, "bbox": [128.0, 120.0, 182.0, 132.0]}, {"destination": {"pagenum": 13, "name": "2628c67"}, "pagenum": 2, "bbox": [271.0, 153.0, 298.0, 165.0]}, {"destination": {"pagenum": 13, "name": "2628c67"}, "pagenum": 2, "bbox": [56.0, 164.0, 119.0, 176.0]}, {"destination": {"pagenum": 13, "name": "2628c73"}, "pagenum": 2, "bbox": [123.0, 164.0, 234.0, 176.0]}, {"destination": {"pagenum": 11, "name": "2628c16"}, "pagenum": 2, "bbox": [132.0, 186.0, 226.0, 198.0]}, {"destination": {"pagenum": 12, "name": "2628c56"}, "pagenum": 2, "bbox": [230.0, 186.0, 298.0, 198.0]}, {"destination": {"pagenum": 12, "name": "2628c56"}, "pagenum": 2, "bbox": [56.0, 197.0, 76.0, 209.0]}, {"destination": {"pagenum": 13, "name": "2628c96"}, "pagenum": 2, "bbox": [200.0, 208.0, 256.0, 220.0]}, {"destination": {"pagenum": 11, "name": "2628c16"}, "pagenum": 2, "bbox": [132.0, 241.0, 226.0, 253.0]}, {"destination": {"pagenum": 12, "name": "2628c56"}, "pagenum": 2, "bbox": [230.0, 241.0, 298.0, 253.0]}, {"destination": {"pagenum": 12, "name": "2628c56"}, "pagenum": 2, "bbox": [56.0, 252.0, 76.0, 264.0]}, {"destination": {"pagenum": 13, "name": "2628c96"}, "pagenum": 2, "bbox": [191.0, 362.0, 246.0, 374.0]}, {"destination": {"pagenum": 13, "name": "2628c76"}, "pagenum": 2, "bbox": [271.0, 384.0, 298.0, 396.0]}, {"destination": {"pagenum": 13, "name": "2628c76"}, "pagenum": 2, "bbox": [56.0, 395.0, 138.0, 407.0]}, {"destination": {"pagenum": 12, "name": "2628c38"}, "pagenum": 2, "bbox": [214.0, 428.0, 298.0, 440.0]}, {"destination": {"pagenum": 12, "name": "2628c38"}, "pagenum": 2, "bbox": [56.0, 439.0, 164.0, 451.0]}, {"destination": {"pagenum": 11, "name": "2628c6"}, "pagenum": 2, "bbox": [97.0, 472.0, 280.0, 484.0]}, {"destination": {"pagenum": 12, "name": "2628c40"}, "pagenum": 2, "bbox": [285.0, 472.0, 298.0, 484.0]}, {"destination": {"pagenum": 12, "name": "2628c40"}, "pagenum": 2, "bbox": [56.0, 483.0, 185.0, 495.0]}, {"destination": {"pagenum": 13, "name": "2628c77"}, "pagenum": 2, "bbox": [228.0, 538.0, 298.0, 550.0]}, {"destination": {"pagenum": 13, "name": "2628c77"}, "pagenum": 2, "bbox": [56.0, 549.0, 176.0, 561.0]}, {"destination": {"pagenum": 13, "name": "2628c86"}, "pagenum": 2, "bbox": [272.0, 593.0, 298.0, 605.0]}, {"destination": {"pagenum": 13, "name": "2628c86"}, "pagenum": 2, "bbox": [56.0, 604.0, 146.0, 616.0]}, {"destination": {"pagenum": 13, "name": "2628c87"}, "pagenum": 2, "bbox": [150.0, 604.0, 238.0, 616.0]}, {"destination": {"pagenum": 13, "name": "2628c89"}, "pagenum": 2, "bbox": [266.0, 615.0, 298.0, 627.0]}, {"destination": {"pagenum": 13, "name": "2628c89"}, "pagenum": 2, "bbox": [56.0, 626.0, 202.0, 638.0]}, {"destination": {"pagenum": 13, "name": "2628c89"}, "pagenum": 2, "bbox": [186.0, 692.0, 298.0, 704.0]}, {"destination": {"pagenum": 13, "name": "2628c89"}, "pagenum": 2, "bbox": [56.0, 703.0, 77.0, 715.0]}, {"destination": {"pagenum": 11, "name": "2628c7"}, "pagenum": 2, "bbox": [390.0, 76.0, 553.0, 88.0]}, {"destination": {"pagenum": 12, "name": "2628c50"}, "pagenum": 2, "bbox": [314.0, 88.0, 387.0, 100.0]}, {"destination": {"pagenum": 13, "name": "2628c78"}, "pagenum": 2, "bbox": [393.0, 88.0, 492.0, 100.0]}, {"destination": {"pagenum": 13, "name": "2628c90"}, "pagenum": 2, "bbox": [498.0, 88.0, 556.0, 100.0]}, {"destination": {"pagenum": 13, "name": "2628c90"}, "pagenum": 2, "bbox": [314.0, 99.0, 427.0, 111.0]}, {"destination": {"pagenum": 13, "name": "2628c91"}, "pagenum": 2, "bbox": [432.0, 99.0, 556.0, 111.0]}, {"destination": {"pagenum": 13, "name": "2628c91"}, "pagenum": 2, "bbox": [314.0, 111.0, 352.0, 123.0]}, {"destination": {"pagenum": 12, "name": "2628c42"}, "pagenum": 2, "bbox": [513.0, 111.0, 556.0, 123.0]}, {"destination": {"pagenum": 12, "name": "2628c42"}, "pagenum": 2, "bbox": [314.0, 122.0, 352.0, 134.0]}, {"destination": {"pagenum": 11, "name": "2628c14"}, "pagenum": 2, "bbox": [502.0, 190.0, 553.0, 202.0]}, {"destination": {"pagenum": 12, "name": "2628c33"}, "pagenum": 2, "bbox": [314.0, 202.0, 373.0, 214.0]}, {"destination": {"pagenum": 12, "name": "2628c45"}, "pagenum": 2, "bbox": [376.0, 202.0, 556.0, 214.0]}, {"destination": {"pagenum": 12, "name": "2628c45"}, "pagenum": 2, "bbox": [314.0, 213.0, 335.0, 225.0]}, {"destination": {"pagenum": 12, "name": "2628c46"}, "pagenum": 2, "bbox": [338.0, 213.0, 484.0, 225.0]}, {"destination": {"pagenum": 13, "name": "2628c74"}, "pagenum": 2, "bbox": [489.0, 259.0, 556.0, 271.0]}, {"destination": {"pagenum": 13, "name": "2628c74"}, "pagenum": 2, "bbox": [314.0, 270.0, 385.0, 282.0]}, {"destination": {"pagenum": 13, "name": "2628c76"}, "pagenum": 2, "bbox": [460.0, 270.0, 556.0, 282.0]}, {"destination": {"pagenum": 13, "name": "2628c76"}, "pagenum": 2, "bbox": [314.0, 282.0, 335.0, 294.0]}, {"destination": {"pagenum": 12, "name": "2628c61"}, "pagenum": 2, "bbox": [443.0, 361.0, 550.0, 373.0]}, {"destination": {"pagenum": 12, "name": "2628c38"}, "pagenum": 2, "bbox": [317.0, 396.0, 421.0, 408.0]}, {"destination": {"pagenum": 13, "name": "2628c66"}, "pagenum": 2, "bbox": [486.0, 635.0, 556.0, 647.0]}, {"destination": {"pagenum": 13, "name": "2628c66"}, "pagenum": 2, "bbox": [314.0, 646.0, 335.0, 658.0]}, {"destination": {"pagenum": 12, "name": "2628c36"}, "pagenum": 2, "bbox": [448.0, 657.0, 524.0, 669.0]}, {"destination": {"pagenum": 13, "name": "2628c72"}, "pagenum": 2, "bbox": [528.0, 657.0, 556.0, 669.0]}, {"destination": {"pagenum": 13, "name": "2628c72"}, "pagenum": 2, "bbox": [314.0, 669.0, 415.0, 681.0]}, {"destination": {"pagenum": 13, "name": "2628c94"}, "pagenum": 2, "bbox": [418.0, 669.0, 550.0, 681.0]}, {"destination": {"pagenum": 11, "name": "2628c25"}, "pagenum": 3, "bbox": [92.0, 450.0, 259.0, 462.0]}, {"destination": {"pagenum": 11, "name": "2628c25"}, "pagenum": 3, "bbox": [86.0, 571.0, 248.0, 583.0]}, {"destination": {"pagenum": 11, "name": "2628c18"}, "pagenum": 3, "bbox": [352.0, 186.0, 421.0, 198.0]}, {"destination": {"pagenum": 12, "name": "2628c31"}, "pagenum": 3, "bbox": [456.0, 241.0, 556.0, 253.0]}, {"destination": {"pagenum": 12, "name": "2628c31"}, "pagenum": 3, "bbox": [314.0, 252.0, 377.0, 264.0]}, {"destination": {"pagenum": 11, "name": "2628c20"}, "pagenum": 3, "bbox": [317.0, 274.0, 423.0, 286.0]}, {"destination": {"pagenum": 11, "name": "2628c22"}, "pagenum": 3, "bbox": [426.0, 274.0, 481.0, 286.0]}, {"destination": {"pagenum": 11, "name": "2628c20"}, "pagenum": 3, "bbox": [425.0, 296.0, 497.0, 308.0]}, {"destination": {"pagenum": 11, "name": "2628c22"}, "pagenum": 3, "bbox": [421.0, 307.0, 476.0, 319.0]}, {"destination": {"pagenum": 11, "name": "2628c1"}, "pagenum": 3, "bbox": [346.0, 329.0, 466.0, 341.0]}, {"destination": {"pagenum": 13, "name": "2628c74"}, "pagenum": 3, "bbox": [352.0, 384.0, 481.0, 396.0]}, {"destination": {"pagenum": 11, "name": "2628c1"}, "pagenum": 3, "bbox": [523.0, 472.0, 556.0, 484.0]}, {"destination": {"pagenum": 11, "name": "2628c1"}, "pagenum": 3, "bbox": [314.0, 483.0, 349.0, 495.0]}, {"destination": {"pagenum": 12, "name": "2628c49"}, "pagenum": 3, "bbox": [340.0, 516.0, 394.0, 528.0]}, {"destination": {"pagenum": 12, "name": "2628c49"}, "pagenum": 3, "bbox": [330.0, 593.0, 383.0, 605.0]}, {"destination": {"pagenum": 13, "name": "2628c83"}, "pagenum": 3, "bbox": [387.0, 593.0, 446.0, 605.0]}, {"destination": {"pagenum": 12, "name": "2628c55"}, "pagenum": 3, "bbox": [382.0, 659.0, 556.0, 671.0]}, {"destination": {"pagenum": 12, "name": "2628c55"}, "pagenum": 3, "bbox": [314.0, 670.0, 334.0, 682.0]}, {"destination": {"pagenum": 12, "name": "2628c64"}, "pagenum": 4, "bbox": [272.0, 109.0, 298.0, 121.0]}, {"destination": {"pagenum": 12, "name": "2628c64"}, "pagenum": 4, "bbox": [56.0, 120.0, 227.0, 132.0]}, {"destination": {"pagenum": 13, "name": "2628c65"}, "pagenum": 4, "bbox": [197.0, 153.0, 293.0, 165.0]}, {"destination": {"pagenum": 12, "name": "2628c51"}, "pagenum": 4, "bbox": [185.0, 241.0, 298.0, 253.0]}, {"destination": {"pagenum": 12, "name": "2628c51"}, "pagenum": 4, "bbox": [56.0, 252.0, 118.0, 264.0]}, {"destination": {"pagenum": 11, "name": "2628c19"}, "pagenum": 4, "bbox": [98.0, 340.0, 212.0, 352.0]}, {"destination": {"pagenum": 12, "name": "2628c48"}, "pagenum": 4, "bbox": [216.0, 340.0, 298.0, 352.0]}, {"destination": {"pagenum": 12, "name": "2628c48"}, "pagenum": 4, "bbox": [56.0, 351.0, 76.0, 363.0]}, {"destination": {"pagenum": 12, "name": "2628c51"}, "pagenum": 4, "bbox": [80.0, 351.0, 147.0, 363.0]}, {"destination": {"pagenum": 12, "name": "2628c51"}, "pagenum": 4, "bbox": [250.0, 395.0, 298.0, 407.0]}, {"destination": {"pagenum": 12, "name": "2628c51"}, "pagenum": 4, "bbox": [56.0, 406.0, 76.0, 418.0]}, {"destination": {"pagenum": 13, "name": "2628c93"}, "pagenum": 4, "bbox": [374.0, 109.0, 550.0, 121.0]}, {"destination": {"pagenum": 11, "name": "2628c25a"}, "pagenum": 4, "bbox": [317.0, 153.0, 489.0, 165.0]}, {"destination": {"pagenum": 12, "name": "2628c55"}, "pagenum": 4, "bbox": [466.0, 175.0, 536.0, 187.0]}, {"destination": {"pagenum": 13, "name": "2628c80"}, "pagenum": 4, "bbox": [523.0, 373.0, 556.0, 385.0]}, {"destination": {"pagenum": 13, "name": "2628c80"}, "pagenum": 4, "bbox": [314.0, 384.0, 374.0, 396.0]}, {"destination": {"pagenum": 4, "name": "2628tbl1"}, "pagenum": 5, "bbox": [156.0, 216.0, 187.0, 228.0]}, {"destination": {"pagenum": 5, "name": "2628tbl2"}, "pagenum": 5, "bbox": [85.0, 271.0, 115.0, 283.0]}, {"destination": {"pagenum": 6, "name": "2628fig1"}, "pagenum": 6, "bbox": [228.0, 443.0, 262.0, 455.0]}, {"destination": {"pagenum": 6, "name": "2628fig1"}, "pagenum": 6, "bbox": [56.0, 578.0, 89.0, 590.0]}, {"destination": {"pagenum": 12, "name": "2628c63"}, "pagenum": 7, "bbox": [59.0, 131.0, 217.0, 143.0]}, {"destination": {"pagenum": 13, "name": "2628c76"}, "pagenum": 7, "bbox": [224.0, 329.0, 298.0, 341.0]}, {"destination": {"pagenum": 13, "name": "2628c76"}, "pagenum": 7, "bbox": [56.0, 340.0, 90.0, 352.0]}, {"destination": {"pagenum": 13, "name": "2628c74"}, "pagenum": 7, "bbox": [56.0, 362.0, 190.0, 374.0]}, {"destination": {"pagenum": 11, "name": "2628c15"}, "pagenum": 7, "bbox": [140.0, 505.0, 267.0, 517.0]}, {"destination": {"pagenum": 13, "name": "2628c74"}, "pagenum": 7, "bbox": [271.0, 505.0, 298.0, 517.0]}, {"destination": {"pagenum": 13, "name": "2628c74"}, "pagenum": 7, "bbox": [56.0, 516.0, 162.0, 528.0]}, {"destination": {"pagenum": 11, "name": "2628c8"}, "pagenum": 7, "bbox": [187.0, 538.0, 265.0, 550.0]}, {"destination": {"pagenum": 11, "name": "2628c11"}, "pagenum": 7, "bbox": [59.0, 637.0, 166.0, 649.0]}, {"destination": {"pagenum": 11, "name": "2628c9"}, "pagenum": 7, "bbox": [242.0, 648.0, 298.0, 660.0]}, {"destination": {"pagenum": 11, "name": "2628c9"}, "pagenum": 7, "bbox": [56.0, 659.0, 76.0, 671.0]}, {"destination": {"pagenum": 11, "name": "2628c10"}, "pagenum": 7, "bbox": [56.0, 692.0, 142.0, 704.0]}, {"destination": {"pagenum": 13, "name": "2628c93"}, "pagenum": 7, "bbox": [428.0, 120.0, 503.0, 132.0]}, {"destination": {"pagenum": 13, "name": "2628c92"}, "pagenum": 7, "bbox": [317.0, 142.0, 453.0, 154.0]}, {"destination": {"pagenum": 13, "name": "2628c79"}, "pagenum": 7, "bbox": [349.0, 164.0, 531.0, 176.0]}, {"destination": {"pagenum": 11, "name": "2628c21"}, "pagenum": 7, "bbox": [393.0, 197.0, 486.0, 209.0]}, {"destination": {"pagenum": 13, "name": "2628c80"}, "pagenum": 7, "bbox": [512.0, 318.0, 556.0, 330.0]}, {"destination": {"pagenum": 13, "name": "2628c80"}, "pagenum": 7, "bbox": [314.0, 329.0, 362.0, 341.0]}, {"destination": {"pagenum": 5, "name": "2628tbl2"}, "pagenum": 7, "bbox": [430.0, 439.0, 462.0, 451.0]}, {"destination": {"pagenum": 13, "name": "2628c76"}, "pagenum": 8, "bbox": [482.0, 504.0, 556.0, 516.0]}, {"destination": {"pagenum": 13, "name": "2628c76"}, "pagenum": 8, "bbox": [314.0, 515.0, 348.0, 527.0]}, {"destination": {"pagenum": 11, "name": "2628c16"}, "pagenum": 8, "bbox": [340.0, 581.0, 429.0, 593.0]}, {"destination": {"pagenum": 12, "name": "2628c56"}, "pagenum": 8, "bbox": [433.0, 581.0, 518.0, 593.0]}, {"destination": {"pagenum": 13, "name": "2628c96"}, "pagenum": 8, "bbox": [522.0, 581.0, 556.0, 593.0]}, {"destination": {"pagenum": 13, "name": "2628c96"}, "pagenum": 8, "bbox": [314.0, 592.0, 334.0, 604.0]}, {"destination": {"pagenum": 13, "name": "2628c96"}, "pagenum": 8, "bbox": [357.0, 637.0, 411.0, 649.0]}, {"destination": {"pagenum": 11, "name": "2628c6"}, "pagenum": 8, "bbox": [346.0, 659.0, 430.0, 671.0]}, {"destination": {"pagenum": 12, "name": "2628c40"}, "pagenum": 8, "bbox": [433.0, 659.0, 504.0, 671.0]}, {"destination": {"pagenum": 14, "name": "2628c101"}, "pagenum": 9, "bbox": [91.0, 65.0, 219.0, 77.0]}, {"destination": {"pagenum": 13, "name": "2628c86"}, "pagenum": 9, "bbox": [92.0, 109.0, 157.0, 121.0]}, {"destination": {"pagenum": 13, "name": "2628c87"}, "pagenum": 9, "bbox": [160.0, 109.0, 242.0, 121.0]}, {"destination": {"pagenum": 12, "name": "2628c35"}, "pagenum": 9, "bbox": [263.0, 131.0, 298.0, 143.0]}, {"destination": {"pagenum": 12, "name": "2628c35"}, "pagenum": 9, "bbox": [56.0, 142.0, 153.0, 154.0]}, {"destination": {"pagenum": 11, "name": "2628c29"}, "pagenum": 9, "bbox": [198.0, 197.0, 298.0, 209.0]}, {"destination": {"pagenum": 11, "name": "2628c29"}, "pagenum": 9, "bbox": [56.0, 208.0, 116.0, 220.0]}, {"destination": {"pagenum": 13, "name": "2628c90"}, "pagenum": 9, "bbox": [121.0, 208.0, 225.0, 220.0]}, {"destination": {"pagenum": 13, "name": "2628c91"}, "pagenum": 9, "bbox": [230.0, 208.0, 298.0, 220.0]}, {"destination": {"pagenum": 13, "name": "2628c91"}, "pagenum": 9, "bbox": [56.0, 219.0, 76.0, 231.0]}, {"destination": {"pagenum": 12, "name": "2628c59"}, "pagenum": 9, "bbox": [59.0, 230.0, 215.0, 242.0]}, {"destination": {"pagenum": 11, "name": "2628c13"}, "pagenum": 9, "bbox": [76.0, 252.0, 203.0, 264.0]}, {"destination": {"pagenum": 14, "name": "2628c100"}, "pagenum": 9, "bbox": [206.0, 252.0, 298.0, 264.0]}, {"destination": {"pagenum": 14, "name": "2628c100"}, "pagenum": 9, "bbox": [56.0, 263.0, 171.0, 275.0]}, {"destination": {"pagenum": 12, "name": "2628c36"}, "pagenum": 9, "bbox": [247.0, 428.0, 298.0, 440.0]}, {"destination": {"pagenum": 12, "name": "2628c36"}, "pagenum": 9, "bbox": [56.0, 439.0, 76.0, 451.0]}, {"destination": {"pagenum": 11, "name": "2628c23"}, "pagenum": 9, "bbox": [94.0, 483.0, 181.0, 495.0]}, {"destination": {"pagenum": 11, "name": "2628c24"}, "pagenum": 9, "bbox": [184.0, 483.0, 298.0, 495.0]}, {"destination": {"pagenum": 11, "name": "2628c24"}, "pagenum": 9, "bbox": [56.0, 494.0, 92.0, 506.0]}, {"destination": {"pagenum": 12, "name": "2628c61"}, "pagenum": 9, "bbox": [56.0, 516.0, 163.0, 528.0]}, {"destination": {"pagenum": 11, "name": "2628c17"}, "pagenum": 9, "bbox": [59.0, 648.0, 259.0, 660.0]}, {"destination": {"pagenum": 12, "name": "2628c43"}, "pagenum": 9, "bbox": [219.0, 681.0, 281.0, 693.0]}, {"destination": {"pagenum": 11, "name": "2628c27"}, "pagenum": 9, "bbox": [161.0, 703.0, 254.0, 715.0]}, {"destination": {"pagenum": 12, "name": "2628c54"}, "pagenum": 9, "bbox": [257.0, 703.0, 298.0, 715.0]}, {"destination": {"pagenum": 12, "name": "2628c54"}, "pagenum": 9, "bbox": [314.0, 65.0, 432.0, 77.0]}, {"destination": {"pagenum": 13, "name": "2628c95"}, "pagenum": 9, "bbox": [437.0, 65.0, 556.0, 77.0]}, {"destination": {"pagenum": 13, "name": "2628c95"}, "pagenum": 9, "bbox": [314.0, 76.0, 404.0, 88.0]}, {"destination": {"pagenum": 13, "name": "2628c98"}, "pagenum": 9, "bbox": [408.0, 76.0, 508.0, 88.0]}, {"destination": {"pagenum": 13, "name": "2628c97"}, "pagenum": 9, "bbox": [513.0, 76.0, 556.0, 88.0]}, {"destination": {"pagenum": 13, "name": "2628c97"}, "pagenum": 9, "bbox": [314.0, 87.0, 372.0, 99.0]}, {"destination": {"pagenum": 12, "name": "2628c52"}, "pagenum": 9, "bbox": [380.0, 98.0, 553.0, 110.0]}, {"destination": {"pagenum": 12, "name": "2628c53"}, "pagenum": 9, "bbox": [314.0, 109.0, 465.0, 121.0]}, {"destination": {"pagenum": 13, "name": "2628c69"}, "pagenum": 9, "bbox": [357.0, 208.0, 446.0, 220.0]}, {"destination": {"pagenum": 13, "name": "2628c72"}, "pagenum": 9, "bbox": [450.0, 208.0, 556.0, 220.0]}, {"destination": {"pagenum": 13, "name": "2628c72"}, "pagenum": 9, "bbox": [314.0, 219.0, 334.0, 231.0]}, {"destination": {"pagenum": 13, "name": "2628c94"}, "pagenum": 9, "bbox": [338.0, 219.0, 470.0, 231.0]}, {"destination": {"pagenum": 12, "name": "2628c39"}, "pagenum": 9, "bbox": [344.0, 285.0, 523.0, 297.0]}, {"destination": {"pagenum": 13, "name": "2628c70"}, "pagenum": 9, "bbox": [529.0, 285.0, 556.0, 297.0]}, {"destination": {"pagenum": 13, "name": "2628c70"}, "pagenum": 9, "bbox": [314.0, 296.0, 415.0, 308.0]}, {"destination": {"pagenum": 13, "name": "2628c69"}, "pagenum": 9, "bbox": [390.0, 307.0, 478.0, 319.0]}, {"destination": {"pagenum": 13, "name": "2628c73"}, "pagenum": 9, "bbox": [482.0, 307.0, 556.0, 319.0]}, {"destination": {"pagenum": 13, "name": "2628c73"}, "pagenum": 9, "bbox": [314.0, 318.0, 348.0, 330.0]}, {"destination": {"pagenum": 13, "name": "2628c73"}, "pagenum": 9, "bbox": [331.0, 439.0, 441.0, 451.0]}, {"destination": {"pagenum": 11, "name": "2628c28"}, "pagenum": 9, "bbox": [486.0, 582.0, 556.0, 594.0]}, {"destination": {"pagenum": 11, "name": "2628c28"}, "pagenum": 9, "bbox": [314.0, 593.0, 365.0, 605.0]}, {"destination": {"pagenum": 13, "name": "2628c84"}, "pagenum": 9, "bbox": [368.0, 593.0, 458.0, 605.0]}, {"destination": {"pagenum": 13, "name": "2628c99"}, "pagenum": 10, "bbox": [122.0, 318.0, 198.0, 330.0]}, {"destination": {"pagenum": 13, "name": "2628c98a"}, "pagenum": 10, "bbox": [211.0, 340.0, 298.0, 352.0]}, {"destination": {"pagenum": 13, "name": "2628c98a"}, "pagenum": 10, "bbox": [56.0, 351.0, 82.0, 363.0]}, {"destination": {"pagenum": 13, "name": "2628c88"}, "pagenum": 10, "bbox": [263.0, 384.0, 298.0, 396.0]}, {"destination": {"pagenum": 13, "name": "2628c88"}, "pagenum": 10, "bbox": [56.0, 395.0, 173.0, 407.0]}, {"destination": {"pagenum": 12, "name": "2628c41"}, "pagenum": 10, "bbox": [208.0, 494.0, 268.0, 506.0]}, {"destination": {"pagenum": 12, "name": "2628c47"}, "pagenum": 10, "bbox": [272.0, 494.0, 298.0, 506.0]}, {"destination": {"pagenum": 12, "name": "2628c47"}, "pagenum": 10, "bbox": [56.0, 505.0, 233.0, 517.0]}, {"destination": {"pagenum": 13, "name": "2628c81"}, "pagenum": 10, "bbox": [238.0, 505.0, 298.0, 517.0]}, {"destination": {"pagenum": 13, "name": "2628c81"}, "pagenum": 10, "bbox": [56.0, 516.0, 166.0, 528.0]}, {"destination": {"pagenum": 11, "name": "2628c26"}, "pagenum": 10, "bbox": [205.0, 604.0, 278.0, 616.0]}, {"destination": {"pagenum": 13, "name": "2628c82"}, "pagenum": 10, "bbox": [283.0, 604.0, 298.0, 616.0]}, {"destination": {"pagenum": 13, "name": "2628c82"}, "pagenum": 10, "bbox": [56.0, 615.0, 198.0, 627.0]}, {"destination": {"pagenum": 12, "name": "2628c34"}, "pagenum": 10, "bbox": [136.0, 637.0, 194.0, 649.0]}, {"destination": {"pagenum": 11, "name": "2628c2"}, "pagenum": 10, "bbox": [360.0, 351.0, 448.0, 363.0]}, {"destination": {"pagenum": 12, "name": "2628c44"}, "pagenum": 10, "bbox": [451.0, 351.0, 525.0, 363.0]}, {"destination": {"pagenum": 13, "name": "2628c68"}, "pagenum": 10, "bbox": [529.0, 351.0, 556.0, 363.0]}, {"destination": {"pagenum": 13, "name": "2628c68"}, "pagenum": 10, "bbox": [314.0, 362.0, 376.0, 374.0]}, {"destination": {"pagenum": 13, "name": "2628c84"}, "pagenum": 10, "bbox": [379.0, 362.0, 470.0, 374.0]}, {"destination": {"pagenum": 11, "name": "2628c4"}, "pagenum": 10, "bbox": [417.0, 461.0, 515.0, 473.0]}, {"destination": {"pagenum": 11, "name": "2628c5"}, "pagenum": 10, "bbox": [518.0, 461.0, 556.0, 473.0]}, {"destination": {"pagenum": 11, "name": "2628c5"}, "pagenum": 10, "bbox": [314.0, 472.0, 334.0, 484.0]}, {"destination": {"pagenum": 11, "name": "2628c19"}, "pagenum": 10, "bbox": [337.0, 472.0, 449.0, 484.0]}, {"destination": {"pagenum": 12, "name": "2628c48"}, "pagenum": 10, "bbox": [453.0, 472.0, 553.0, 484.0]}, {"destination": {"pagenum": 12, "name": "2628c51"}, "pagenum": 10, "bbox": [314.0, 483.0, 379.0, 495.0]}, {"destination": {"pagenum": 12, "name": "2628c51"}, "pagenum": 10, "bbox": [387.0, 527.0, 455.0, 539.0]}, {"destination": {"pagenum": 12, "name": "2628c32"}, "pagenum": 11, "bbox": [59.0, 76.0, 119.0, 88.0]}, {"destination": {"pagenum": 13, "name": "2628c85"}, "pagenum": 11, "bbox": [124.0, 76.0, 207.0, 88.0]}, {"destination": {"pagenum": 12, "name": "2628c61"}, "pagenum": 11, "bbox": [59.0, 120.0, 156.0, 132.0]}, {"destination": {"pagenum": 11, "name": "2628c21"}, "pagenum": 11, "bbox": [106.0, 175.0, 193.0, 187.0]}, {"destination": {"pagenum": 12, "name": "2628c57"}, "pagenum": 11, "bbox": [196.0, 175.0, 283.0, 187.0]}, {"destination": {"pagenum": 11, "name": "2628c3"}, "pagenum": 11, "bbox": [249.0, 230.0, 298.0, 242.0]}, {"destination": {"pagenum": 11, "name": "2628c3"}, "pagenum": 11, "bbox": [56.0, 241.0, 76.0, 253.0]}, {"pagenum": 11, "uri": "http://dx.doi.org/10.1023/A:1019873015594%20", "bbox": [139.0, 424.0, 242.0, 435.0]}, {"pagenum": 11, "uri": "http://dx.doi.org/10.1037/a0022796", "bbox": [98.0, 464.0, 172.0, 475.0]}, {"pagenum": 11, "uri": "http://dx.doi.org/10.1016/j.cpr.2009.11.004%20", "bbox": [213.0, 494.0, 298.0, 505.0]}, {"pagenum": 11, "uri": "http://dx.doi.org/10.1016/j.cpr.2009.11.004%20", "bbox": [64.0, 504.0, 80.0, 515.0]}, {"pagenum": 11, "uri": "http://dx.doi.org/10.1177/109442819800100104", "bbox": [130.0, 534.0, 245.0, 545.0]}, {"pagenum": 11, "uri": "http://digitalcommons.unl.edu/edpsychpapers/65/", "bbox": [64.0, 574.0, 224.0, 585.0]}, {"pagenum": 11, "uri": "http://dx.doi.org/10.1111/j.1467-6494.2006.00428.x", "bbox": [255.0, 604.0, 298.0, 615.0]}, {"pagenum": 11, "uri": "http://dx.doi.org/10.1111/j.1467-6494.2006.00428.x", "bbox": [64.0, 614.0, 151.0, 625.0]}, {"pagenum": 11, "uri": "http://dx.doi.org/10.1016/0272-7358%2888%2990050-5%20", "bbox": [488.0, 86.0, 556.0, 96.0]}, {"pagenum": 11, "uri": "http://dx.doi.org/10.1016/0272-7358%2888%2990050-5%20", "bbox": [322.0, 96.0, 380.0, 107.0]}, {"pagenum": 11, "uri": "http://dx.doi.org/10.1016/0887-6185%2896%2900009-6", "bbox": [490.0, 126.0, 556.0, 137.0]}, {"pagenum": 11, "uri": "http://dx.doi.org/10.1016/0887-6185%2896%2900009-6", "bbox": [322.0, 136.0, 380.0, 147.0]}, {"pagenum": 11, "uri": "http://dx.doi.org/10.1016/j.tics.2004.10.003%20", "bbox": [364.0, 167.0, 464.0, 178.0]}, {"pagenum": 11, "uri": "http://dx.doi.org/10.1007/BF01420597%20", "bbox": [322.0, 218.0, 406.0, 228.0]}, {"pagenum": 11, "uri": "http://dx.doi.org/10.1007/978-1-4612-5887-2", "bbox": [348.0, 248.0, 454.0, 259.0]}, {"pagenum": 11, "uri": "http://dx.doi.org/10.1016/0022-3999%2872%2990045-1", "bbox": [488.0, 319.0, 556.0, 330.0]}, {"pagenum": 11, "uri": "http://dx.doi.org/10.1016/0022-3999%2872%2990045-1", "bbox": [322.0, 329.0, 380.0, 340.0]}, {"pagenum": 11, "uri": "http://dx.doi.org/10.1207/s15327906mbr4002_4%20", "bbox": [402.0, 359.0, 516.0, 370.0]}, {"pagenum": 11, "uri": "http://dx.doi.org/10.1037/0012-1649.23.4.583", "bbox": [463.0, 390.0, 556.0, 401.0]}, {"pagenum": 11, "uri": "http://dx.doi.org/10.1037/0012-1649.23.4.583", "bbox": [322.0, 400.0, 338.0, 411.0]}, {"pagenum": 11, "uri": "http://dx.doi.org/10.1037/0021-843X.112.4.558%20", "bbox": [541.0, 430.0, 556.0, 441.0]}, {"pagenum": 11, "uri": "http://dx.doi.org/10.1037/0021-843X.112.4.558%20", "bbox": [322.0, 441.0, 423.0, 451.0]}, {"pagenum": 11, "uri": "http://dx.doi.org/10.1016/0272-7358%2887%2990037-7", "bbox": [494.0, 461.0, 556.0, 471.0]}, {"pagenum": 11, "uri": "http://dx.doi.org/10.1016/0272-7358%2887%2990037-7", "bbox": [322.0, 471.0, 380.0, 482.0]}, {"pagenum": 11, "uri": "http://dx.doi.org/10.1037/0022-006X.56.3.405", "bbox": [495.0, 542.0, 556.0, 553.0]}, {"pagenum": 11, "uri": "http://dx.doi.org/10.1037/0022-006X.56.3.405", "bbox": [322.0, 552.0, 372.0, 563.0]}, {"pagenum": 11, "uri": "http://dx.doi.org/10.1037/0033-2909.132.3.477", "bbox": [513.0, 633.0, 556.0, 644.0]}, {"pagenum": 11, "uri": "http://dx.doi.org/10.1037/0033-2909.132.3.477", "bbox": [322.0, 643.0, 393.0, 654.0]}, {"pagenum": 11, "uri": "http://dx.doi.org/10.1017/S0033291704001904%20", "bbox": [322.0, 674.0, 433.0, 684.0]}, {"pagenum": 11, "uri": "http://dx.doi.org/10.1521/jscp.2009.28.8.1050", "bbox": [418.0, 704.0, 525.0, 715.0]}, {"pagenum": 12, "uri": "http://dx.doi.org/10.1126/science.1089134%20", "bbox": [114.0, 86.0, 210.0, 97.0]}, {"pagenum": 12, "uri": "http://dx.doi.org/10.1023/A:1014517718949", "bbox": [244.0, 128.0, 298.0, 139.0]}, {"pagenum": 12, "uri": "http://dx.doi.org/10.1023/A:1014517718949", "bbox": [64.0, 139.0, 118.0, 150.0]}, {"pagenum": 12, "uri": "http://dx.doi.org/10.1207/s15374424jccp3302_23%20", "bbox": [152.0, 181.0, 271.0, 191.0]}, {"pagenum": 12, "uri": "http://dx.doi.org/10.1037/0021-843X.100.4.555", "bbox": [255.0, 202.0, 298.0, 212.0]}, {"pagenum": 12, "uri": "http://dx.doi.org/10.1037/0021-843X.100.4.555", "bbox": [64.0, 212.0, 136.0, 223.0]}, {"pagenum": 12, "uri": "http://dx.doi.org/10.1146/annurev.clinpsy.1.102803.143938%20", "bbox": [146.0, 233.0, 298.0, 244.0]}, {"pagenum": 12, "uri": "http://dx.doi.org/10.1007/BF01176210%20", "bbox": [188.0, 296.0, 272.0, 306.0]}, {"pagenum": 12, "uri": "http://dx.doi.org/10.1037/0021-843X.107.1.128", "bbox": [283.0, 338.0, 298.0, 348.0]}, {"pagenum": 12, "uri": "http://dx.doi.org/10.1037/0021-843X.107.1.128", "bbox": [64.0, 348.0, 165.0, 359.0]}, {"pagenum": 12, "uri": "http://dx.doi.org/10.1111/j.1559-1816.2002.tb00225.x%20", "bbox": [126.0, 380.0, 260.0, 390.0]}, {"pagenum": 12, "uri": "http://dx.doi.org/10.1111/j.1467-9280.2009.02441.x", "bbox": [85.0, 411.0, 212.0, 422.0]}, {"pagenum": 12, "uri": "http://dx.doi.org/10.1007/s10802-009-9384-3%20", "bbox": [284.0, 442.0, 298.0, 453.0]}, {"pagenum": 12, "uri": "http://dx.doi.org/10.1007/s10802-009-9384-3%20", "bbox": [64.0, 453.0, 157.0, 463.0]}, {"pagenum": 12, "uri": "http://dx.doi.org/10.1111/j.1467-9280.2006.01695.x", "bbox": [138.0, 484.0, 266.0, 495.0]}, {"pagenum": 12, "uri": "http://dx.doi.org/10.1207/s15324796abm3301_2%20", "bbox": [89.0, 537.0, 204.0, 547.0]}, {"pagenum": 12, "uri": "http://dx.doi.org/10.1093/scan/nsl004", "bbox": [147.0, 578.0, 228.0, 589.0]}, {"pagenum": 12, "uri": "http://dx.doi.org/10.1007/s10608-006-9035-8%20", "bbox": [283.0, 610.0, 298.0, 620.0]}, {"pagenum": 12, "uri": "http://dx.doi.org/10.1007/s10608-006-9035-8%20", "bbox": [64.0, 620.0, 157.0, 631.0]}, {"pagenum": 12, "uri": "http://dx.doi.org/10.1037/0021-843X.106.2.221", "bbox": [113.0, 652.0, 226.0, 662.0]}, {"pagenum": 12, "uri": "http://dx.doi.org/10.1001/archpsyc.60.8.789%20", "bbox": [255.0, 694.0, 298.0, 704.0]}, {"pagenum": 12, "uri": "http://dx.doi.org/10.1001/archpsyc.60.8.789%20", "bbox": [64.0, 704.0, 124.0, 715.0]}, {"pagenum": 12, "uri": "http://dx.doi.org/10.1177/0013164494054003022", "bbox": [541.0, 157.0, 556.0, 167.0]}, {"pagenum": 12, "uri": "http://dx.doi.org/10.1177/0013164494054003022", "bbox": [322.0, 167.0, 428.0, 178.0]}, {"pagenum": 12, "uri": "http://dx.doi.org/10.1162/089892998562924", "bbox": [339.0, 238.0, 441.0, 248.0]}, {"pagenum": 12, "uri": "http://dx.doi.org/10.1207/S15328007SEM0902_1%20", "bbox": [513.0, 268.0, 556.0, 279.0]}, {"pagenum": 12, "uri": "http://dx.doi.org/10.1207/S15328007SEM0902_1%20", "bbox": [322.0, 278.0, 401.0, 289.0]}, {"pagenum": 12, "uri": "http://dx.doi.org/10.1521/jscp.2006.25.3.276", "bbox": [542.0, 309.0, 556.0, 319.0]}, {"pagenum": 12, "uri": "http://dx.doi.org/10.1521/jscp.2006.25.3.276", "bbox": [322.0, 319.0, 413.0, 330.0]}, {"pagenum": 12, "uri": "http://dx.doi.org/10.1037/0022-3514.65.2.339%20", "bbox": [398.0, 349.0, 506.0, 360.0]}, {"pagenum": 12, "uri": "http://dx.doi.org/10.1037/0022-3514.69.1.176", "bbox": [541.0, 380.0, 556.0, 390.0]}, {"pagenum": 12, "uri": "http://dx.doi.org/10.1037/0022-3514.69.1.176", "bbox": [322.0, 390.0, 417.0, 401.0]}, {"pagenum": 12, "uri": "http://dx.doi.org/10.1097/00004583-199704000-00019%20", "bbox": [513.0, 430.0, 556.0, 441.0]}, {"pagenum": 12, "uri": "http://dx.doi.org/10.1097/00004583-199704000-00019%20", "bbox": [322.0, 441.0, 417.0, 451.0]}, {"pagenum": 12, "uri": "http://dx.doi.org/10.1037/1082-989X.12.1.23%20", "bbox": [513.0, 481.0, 556.0, 492.0]}, {"pagenum": 12, "uri": "http://dx.doi.org/10.1037/1082-989X.12.1.23%20", "bbox": [322.0, 491.0, 386.0, 502.0]}, {"pagenum": 12, "uri": "http://dx.doi.org/10.1016/j.beth.2006.03.003", "bbox": [391.0, 522.0, 493.0, 532.0]}, {"pagenum": 12, "uri": "http://dx.doi.org/10.1016/j.neuroimage.2008.02.030%20", "bbox": [357.0, 562.0, 483.0, 573.0]}, {"pagenum": 12, "uri": "http://dx.doi.org/10.1016/S0005-7967%2899%2900040-6", "bbox": [513.0, 593.0, 556.0, 603.0]}, {"pagenum": 12, "uri": "http://dx.doi.org/10.1016/S0005-7967%2899%2900040-6", "bbox": [322.0, 603.0, 403.0, 613.0]}, {"pagenum": 12, "uri": "http://dx.doi.org/10.1146/annurev.clinpsy.4.022007.141207", "bbox": [488.0, 653.0, 556.0, 664.0]}, {"pagenum": 12, "uri": "http://dx.doi.org/10.1146/annurev.clinpsy.4.022007.141207", "bbox": [322.0, 663.0, 407.0, 674.0]}, {"pagenum": 13, "uri": "http://dx.doi.org/10.1016/S0005-7967%2801%2900056-0", "bbox": [176.0, 96.0, 298.0, 107.0]}, {"pagenum": 13, "uri": "http://dx.doi.org/10.1037/0021-843X.100.4.569", "bbox": [114.0, 147.0, 227.0, 157.0]}, {"pagenum": 13, "uri": "http://dx.doi.org/10.1207/s15327795jra0404_5%20", "bbox": [151.0, 177.0, 261.0, 188.0]}, {"pagenum": 13, "uri": "http://dx.doi.org/10.1037/0021-843X.109.3.504", "bbox": [130.0, 207.0, 244.0, 218.0]}, {"pagenum": 13, "uri": "http://dx.doi.org/10.1111/1467-8721.00142%20", "bbox": [237.0, 228.0, 298.0, 238.0]}, {"pagenum": 13, "uri": "http://dx.doi.org/10.1111/1467-8721.00142%20", "bbox": [64.0, 238.0, 104.0, 248.0]}, {"pagenum": 13, "uri": "http://dx.doi.org/10.1016/j.paid.2011.06.012", "bbox": [219.0, 268.0, 298.0, 279.0]}, {"pagenum": 13, "uri": "http://dx.doi.org/10.1016/j.paid.2011.06.012", "bbox": [64.0, 278.0, 90.0, 289.0]}, {"pagenum": 13, "uri": "http://dx.doi.org/10.1037/0022-3514.77.4.801%20", "bbox": [189.0, 309.0, 296.0, 319.0]}, {"pagenum": 13, "uri": "http://dx.doi.org/10.1037/0033-2909.115.3.424", "bbox": [115.0, 339.0, 227.0, 350.0]}, {"pagenum": 13, "uri": "http://dx.doi.org/10.1037/0022-3514.77.5.1061%20", "bbox": [182.0, 370.0, 293.0, 380.0]}, {"pagenum": 13, "uri": "http://dx.doi.org/10.1037/0022-3514.61.1.115", "bbox": [139.0, 410.0, 247.0, 421.0]}, {"pagenum": 13, "uri": "http://dx.doi.org/10.1037/0021-843X.102.1.20%20", "bbox": [182.0, 441.0, 292.0, 451.0]}, {"pagenum": 13, "uri": "http://dx.doi.org/10.1037/0022-3514.67.1.92", "bbox": [170.0, 471.0, 273.0, 482.0]}, {"pagenum": 13, "uri": "http://dx.doi.org/10.1111/j.1745-6924.2008.00088.x%20", "bbox": [284.0, 491.0, 298.0, 502.0]}, {"pagenum": 13, "uri": "http://dx.doi.org/10.1111/j.1745-6924.2008.00088.x%20", "bbox": [64.0, 501.0, 179.0, 512.0]}, {"pagenum": 13, "uri": "http://dx.doi.org/10.1016/j.tics.2005.03.010", "bbox": [212.0, 522.0, 298.0, 532.0]}, {"pagenum": 13, "uri": "http://dx.doi.org/10.1016/j.tics.2005.03.010", "bbox": [64.0, 532.0, 80.0, 542.0]}, {"pagenum": 13, "uri": "http://dx.doi.org/10.1002/%28SICI%291097-4679%28199701%2953:1%3C7::AID-JCLP2%3E3.0.CO%3B2-S%20", "bbox": [64.0, 572.0, 298.0, 583.0]}, {"pagenum": 13, "uri": "http://dx.doi.org/10.1002/%28SICI%291097-4679%28199701%2953:1%3C7::AID-JCLP2%3E3.0.CO%3B2-S%20", "bbox": [64.0, 582.0, 77.0, 593.0]}, {"pagenum": 13, "uri": "http://dx.doi.org/10.3758/BRM.40.3.879", "bbox": [255.0, 613.0, 298.0, 624.0]}, {"pagenum": 13, "uri": "http://dx.doi.org/10.3758/BRM.40.3.879", "bbox": [64.0, 623.0, 114.0, 634.0]}, {"pagenum": 13, "uri": "http://dx.doi.org/10.1023/B:COTR.0000045557.15923.96%20", "bbox": [98.0, 663.0, 243.0, 674.0]}, {"pagenum": 13, "uri": "http://dx.doi.org/10.1037/0278-6133.10.1.62", "bbox": [221.0, 694.0, 298.0, 705.0]}, {"pagenum": 13, "uri": "http://dx.doi.org/10.1037/0278-6133.10.1.62", "bbox": [64.0, 704.0, 92.0, 715.0]}, {"pagenum": 13, "uri": "http://dx.doi.org/10.1023/A:1023914416469", "bbox": [505.0, 127.0, 556.0, 138.0]}, {"pagenum": 13, "uri": "http://dx.doi.org/10.1023/A:1023914416469", "bbox": [322.0, 138.0, 376.0, 148.0]}, {"pagenum": 13, "uri": "http://dx.doi.org/10.1017/S0954579400002066%20", "bbox": [442.0, 179.0, 553.0, 190.0]}, {"pagenum": 13, "uri": "http://dx.doi.org/10.1016/j.cpr.2005.01.005", "bbox": [339.0, 220.0, 438.0, 231.0]}, {"pagenum": 13, "uri": "http://dx.doi.org/10.1016/0272-7358%2894%2990003-5%20", "bbox": [489.0, 251.0, 556.0, 262.0]}, {"pagenum": 13, "uri": "http://dx.doi.org/10.1016/0272-7358%2894%2990003-5%20", "bbox": [322.0, 261.0, 380.0, 272.0]}, {"pagenum": 13, "uri": "http://dx.doi.org/10.1016/j.neubiorev.2010.01.003%20", "bbox": [322.0, 344.0, 443.0, 354.0]}, {"pagenum": 13, "uri": "http://dx.doi.org/10.1073/pnas.1009164107", "bbox": [439.0, 385.0, 538.0, 396.0]}, {"pagenum": 13, "uri": "http://dx.doi.org/10.1038/nn1728%20", "bbox": [513.0, 416.0, 556.0, 426.0]}, {"pagenum": 13, "uri": "http://dx.doi.org/10.1038/nn1728%20", "bbox": [322.0, 426.0, 348.0, 437.0]}, {"pagenum": 13, "uri": "http://dx.doi.org/10.1002/%28SICI%291097-4679%28199901%2955:1%3C117::AID-JCLP12%3E3.0.CO%3B2-A", "bbox": [474.0, 457.0, 556.0, 468.0]}, {"pagenum": 13, "uri": "http://dx.doi.org/10.1002/%28SICI%291097-4679%28199901%2955:1%3C117::AID-JCLP12%3E3.0.CO%3B2-A", "bbox": [322.0, 467.0, 494.0, 478.0]}, {"pagenum": 13, "uri": "http://dx.doi.org/10.1023/A:1023910315561%20", "bbox": [393.0, 498.0, 496.0, 509.0]}, {"pagenum": 13, "uri": "http://dx.doi.org/10.1037/0021-843X.111.4.578", "bbox": [356.0, 539.0, 469.0, 550.0]}, {"pagenum": 13, "uri": "http://dx.doi.org/10.1177/0146167202238375%20", "bbox": [434.0, 570.0, 540.0, 581.0]}, {"pagenum": 13, "uri": "http://dx.doi.org/10.1037/0033-2909.134.2.163", "bbox": [458.0, 591.0, 556.0, 601.0]}, {"pagenum": 13, "uri": "http://dx.doi.org/10.1037/0033-2909.134.2.163", "bbox": [322.0, 601.0, 338.0, 612.0]}, {"pagenum": 13, "uri": "http://dx.doi.org/10.1016/S0005-7967%2801%2900098-5%20", "bbox": [343.0, 632.0, 464.0, 643.0]}, {"pagenum": 13, "uri": "http://dx.doi.org/10.1037/1528-3542.5.3.319", "bbox": [444.0, 663.0, 547.0, 673.0]}, {"pagenum": 14, "uri": "http://dx.doi.org/10.1016/j.brat.2006.09.018%20", "bbox": [150.0, 97.0, 251.0, 108.0]}, {"pagenum": 14, "uri": "http://dx.doi.org/10.1093/cercor/bhh125", "bbox": [124.0, 139.0, 213.0, 150.0]}, {"pagenum": 14, "uri": "http://dx.doi.org/10.1037/0022-3514.55.6.882", "bbox": [495.0, 85.0, 556.0, 96.0]}, {"pagenum": 14, "uri": "http://dx.doi.org/10.1037/0022-3514.55.6.882", "bbox": [322.0, 95.0, 370.0, 106.0]}]}